Region code,Region name ,Local authority code,Local authority name,1997,1998,1999,2000,2001,2002,2003,2004,2005,2006,2007,2008,2009,2010,2011,2012,2013,2014,2015,2016,2017,2018,2019,2020,2021,2022,2023,2024
E12000001,North East,E06000001,Hartlepool,15747,16149,16121,15743,17264,18251,17153,17258,20850,20478,19913,21047,21298,23762,23430,24741,27220,25143,26445,26112,25638,25729,26010,28093,28332,30114,32313,32947
E12000001,North East,E06000002,Middlesbrough,15914,15319,16073,16513,17273,19252,17999,18635,18706,20189,20495,21301,22593,21628,21932,24669,24133,23971,24751,25722,25626,25170,26203,27005,25922,29777,31631,31638
E12000001,North East,E06000003,Redcar and Cleveland,19206,18747,21274,22135,21763,20806,20554,23903,25049,22897,24176,25340,25415,24156,25412,23684,25295,26323,26792,24496,25456,26170,25846,26220,24821,26462,30565,30652
E12000001,North East,E06000004,Stockton-on-Tees,16838,17062,17199,18147,19186,18392,18656,20660,21390,21684,22766,22859,24156,23563,23829,23408,24141,25096,25345,26884,25258,26540,29049,30531,29026,30643,30520,31350
E12000001,North East,E06000005,Darlington,15424,14453,15915,16043,17220,18568,18015,18264,18504,19913,22633,22556,22630,22259,23363,24149,21288,25502,26570,27009,25712,26043,27888,28045,29280,30357,30749,34146
E12000001,North East,E06000047,County Durham,,,,,,,17739,18173,19400,18701,19800,20098,20683,21500,21569,22038,23469,23707,24062,24188,25105,25810,26378,26609,26219,27737,29384,31365
E12000001,North East,E06000057,Northumberland,,,,,,,17979,18134,18619,20421,20298,20790,22143,23032,21625,23358,22684,22328,23831,25177,24927,25052,25773,27015,27681,29686,30939,32541
E12000001,North East,E08000021,Newcastle upon Tyne,15924,15825,16988,19504,19070,19004,18872,20204,21742,21513,21780,22561,24851,24924,25186,25111,25333,25928,27034,26839,28501,27813,28911,29709,30705,31808,33817,35129
E12000001,North East,E08000022,North Tyneside,14923,15575,15701,16962,17600,18123,18712,20152,20409,20590,19781,21978,23463,24960,24420,24432,25023,24936,25583,25309,26174,27701,28850,27460,27306,30078,31574,35085
E12000001,North East,E08000023,South Tyneside,15116,16420,17114,17345,18617,18358,17618,18608,18422,19981,19788,21304,21795,19668,23448,22504,23607,24540,24575,22405,23226,23620,24458,26767,24802,27826,28263,32456
E12000001,North East,E08000024,Sunderland,14980,15888,16011,16441,17069,17781,18216,18791,20112,20680,21515,22503,22561,23305,22960,23323,24227,25041,25284,25985,26156,26094,27134,28376,26820,28160,29672,32923
E12000001,North East,E08000037,Gateshead,,,,,,,17629,19577,22241,20328,20768,20931,21581,22997,24675,25888,25491,25627,25653,25054,24761,25566,26152,25788,25844,28707,30601,31683
E12000002,North West,E06000006,Halton,17114,18012,17891,19253,18242,20600,21032,21059,23012,25059,23141,25302,24828,26688,24027,25165,25279,26798,27460,27447,28762,29203,30000,30990,29557,33784,36317,36788
E12000002,North West,E06000007,Warrington,16832,17125,16614,18309,19889,19298,21277,20040,21981,20934,25715,26907,26951,26488,26927,27516,26183,27300,27389,27204,27565,28526,28145,31017,32018,32986,34963,39260
E12000002,North West,E06000008,Blackburn with Darwen,14667,15324,15702,16357,17892,18027,18743,20748,21324,21076,20523,23161,22920,23113,22864,23723,24610,24531,23936,25004,25283,24212,25566,25339,27551,28306,31159,35310
E12000002,North West,E06000009,Blackpool,13483,13738,14793,15171,15659,16861,18492,18347,19627,19222,19003,18632,19410,18663,19647,20547,19998,20577,21462,20777,24107,24285,25593,24759,28430,26872,30407,33918
E12000002,North West,E06000049,Cheshire East,,,,,,,20716,21840,23229,23139,24327,24821,24141,23643,25000,25098,25377,25761,25955,27164,28114,28880,29607,30240,30121,31527,34596,35198
E12000002,North West,E06000050,Cheshire West and Chester,,,,,,,22152,23233,23802,23935,23788,24662,25610,25197,24003,25321,24135,24554,25481,26029,27482,28326,28986,28617,31750,31771,33639,36851
E12000002,North West,E06000063,Cumberland,,,,,,,21395,21926,22776,23047,24566,24948,25198,26364,25444,25419,27900,27996,26952,28540,29006,30082,29478,33303,32761,32094,34795,37361
E12000002,North West,E06000064,Westmorland and Furness,,,,,,,18614,19319,20279,21318,21501,22961,23092,22994,23043,23848,26472,26037,24899,24687,25473,28036,28699,29483,30443,30710,32834,38771
E12000002,North West,E07000117,Burnley,15528,16024,16872,17093,17499,18031,18541,18291,19130,20664,20982,21817,20063,19921,20867,21997,22339,21716,21063,22728,22538,22512,23648,23598,23231,25831,28160,30216
E12000002,North West,E07000118,Chorley,14724,15309,16444,16122,16826,17749,18962,18768,18748,20205,23325,23084,23974,24030,23067,24147,23285,24222,24286,23730,24904,24970,24874,27450,27380,29506,29827,35218
E12000002,North West,E07000119,Fylde,19994,20500,21004,22982,23562,23572,24443,25364,25848,26761,27688,30343,31429,29602,29887,23177,24072,30823,33806,32704,34083,35719,36302,34254,32837,31950,40516,41390
E12000002,North West,E07000120,Hyndburn,14046,15512,13936,14092,13959,16966,15927,15923,18887,18348,18123,20599,20532,21604,20985,19977,22190,22338,22236,24177,24284,23657,27027,29927,25844,30014,29858,30272
E12000002,North West,E07000121,Lancaster,16352,16853,16538,18456,19347,20296,20942,21160,21932,21993,23182,23159,23692,24061,25165,24454,25926,25089,26156,29548,27880,26977,27325,29533,28111,30183,30462,33398
E12000002,North West,E07000122,Pendle,15251,15324,15160,16495,17960,16723,16618,16126,18936,19427,19414,21632,19916,20259,22360,22316,22588,23599,24004,24633,25356,28682,24942,23354,24355,25758,30256,28672
E12000002,North West,E07000123,Preston,15747,17479,17496,18618,18572,16955,17858,19639,20601,21058,21026,23267,24684,26130,22476,23067,23815,23452,24626,26480,25900,27619,27324,26823,28056,30045,29505,34366
E12000002,North West,E07000124,Ribble Valley,16655,16378,17184,15543,18775,20761,18017,18328,22529,21132,23782,23804,22557,22628,26661,24900,24718,28121,30144,27392,31813,30230,32588,38291,38490,36347,43092,41750
E12000002,North West,E07000125,Rossendale,14015,13603,13609,14089,14279,14822,15631,15901,16369,16814,17070,17275,19505,18507,19170,21746,20573,19870,21617,19614,20224,22209,23972,25090,23427,26276,28452,30193
E12000002,North West,E07000126,South Ribble,17104,17464,17478,18425,18854,21006,20497,20060,21345,21982,24015,24722,21047,21979,23130,23081,23495,22930,23918,24670,25332,24776,28574,30835,30171,31402,33243,37086
E12000002,North West,E07000127,West Lancashire,17505,16921,16864,18216,18223,18656,18612,20501,21836,20914,22100,21742,22630,23890,23108,23585,23262,23029,26026,27804,27633,28266,28789,29652,27453,32110,35205,34260
E12000002,North West,E07000128,Wyre,14349,13973,15194,14230,16113,15696,17534,18329,18740,18626,18918,23322,21445,18476,19220,21129,20971,20886,22993,22985,22467,23686,25466,25981,24824,27007,29002,30528
E12000002,North West,E08000001,Bolton,15032,14990,15529,16319,16898,17029,17119,18424,19079,19567,20972,21091,21402,21736,22457,21693,22801,22083,23301,24643,24140,24787,25662,25756,26808,27489,29901,30505
E12000002,North West,E08000002,Bury,15079,16290,16301,16956,17554,19213,18937,18999,19086,20292,21774,24002,24418,24014,23701,23752,23676,24442,25015,25404,23964,26383,25412,26623,27578,28115,30332,35327
E12000002,North West,E08000003,Manchester,16952,17453,18440,19396,20168,20348,21750,23142,24581,24411,26354,26332,26563,26542,26261,27113,27894,28283,27418,28547,29947,29997,30801,31427,31435,34233,37225,37164
E12000002,North West,E08000004,Oldham,14672,14797,15274,16396,16397,17181,17164,18723,18594,19729,18643,20001,20841,22132,22033,20933,20798,21937,22694,22992,22708,25422,25168,27626,27556,28442,29928,33382
E12000002,North West,E08000005,Rochdale,15544,15705,15916,17076,17904,17563,18167,19134,19567,19649,19940,20379,21108,20736,21581,21847,22629,21580,22222,22880,22655,23528,25100,25984,26481,27704,31016,31233
E12000002,North West,E08000006,Salford,16827,17490,17684,18001,18980,20877,20271,21338,21182,22882,22398,22906,23589,23710,25431,26180,26801,26564,27148,26815,28028,27932,28947,32568,29219,32356,34148,37511
E12000002,North West,E08000007,Stockport,16545,17354,17248,18295,19584,20332,20409,22013,22392,22793,24846,24599,26261,25038,26709,27222,27854,25630,26198,27036,27150,27525,29062,29113,27348,30153,32572,33791
E12000002,North West,E08000008,Tameside,14453,14829,15337,15963,16793,17690,17694,18128,19491,19243,20626,21504,22403,20978,21142,23058,21458,21438,21735,22924,24316,23058,23569,23964,25857,25742,27915,32741
E12000002,North West,E08000009,Trafford,16952,18366,18834,19502,21411,21030,22227,22970,23740,24061,25200,26229,27091,26092,26990,27568,25940,26376,26474,26870,27632,27780,28742,29970,31572,32519,31292,34588
E12000002,North West,E08000010,Wigan,15898,15293,15682,17006,17827,17547,18898,19522,20436,20725,22650,22869,22479,23396,22118,21536,23321,22225,23655,24187,24209,25122,25010,26220,27681,28071,29994,30856
E12000002,North West,E08000011,Knowsley,17803,17605,17827,18208,18771,18036,19966,20043,21467,20838,23278,22731,24148,23914,23374,24519,26522,27047,23818,27198,28027,32344,28732,35926,28644,30203,32604,37656
E12000002,North West,E08000012,Liverpool,16196,17203,17324,18973,19071,19392,19953,21109,21725,22932,23506,24486,25252,25631,26041,26225,26833,27152,27550,27089,26783,27238,29596,31597,30574,32000,34469,36560
E12000002,North West,E08000013,St. Helens,15810,15752,16216,16922,17752,18442,19075,19111,20579,20875,20930,23116,23323,24669,22415,22410,23322,22701,22900,23990,23547,24904,27798,27114,32451,29145,30255,31651
E12000002,North West,E08000014,Sefton,14599,15032,15634,15783,16952,17366,18581,20065,21342,20172,21692,22832,21127,22366,21555,23366,23276,23368,23906,23994,24585,25626,26385,27181,29572,30618,33774,33064
E12000002,North West,E08000015,Wirral,15450,16013,16155,16614,18271,18485,17509,18807,20897,20689,20794,21266,21938,22153,21867,22416,23982,24971,26306,26320,26196,25725,26564,26438,26825,28282,29983,32298
E12000003,Yorkshire and The Humber,E06000010,"Kingston upon Hull, City of",15846,15945,16357,16881,17103,17999,18318,19063,21049,21494,22114,23061,22580,22928,23858,23366,23659,23693,24178,25553,24942,25942,27532,27986,28316,28742,30661,33024
E12000003,Yorkshire and The Humber,E06000011,East Riding of Yorkshire,16091,16431,16152,17977,18525,18995,19581,20508,21360,22956,24470,23840,24271,24678,23510,24063,24769,24389,24024,24583,25734,26329,27946,29407,28558,30124,31363,34282
E12000003,Yorkshire and The Humber,E06000012,North East Lincolnshire,15789,16780,17572,17216,17538,17907,19194,19196,20440,20146,20440,21429,23054,21911,22831,24946,24305,23257,24197,24792,22265,22652,25321,26213,26899,27777,32741,34509
E12000003,Yorkshire and The Humber,E06000013,North Lincolnshire,16676,19034,18778,19497,19148,20970,22595,22929,24302,24364,22880,24655,24677,25862,25817,26313,27501,27896,27831,28433,27505,28846,28944,30567,29947,30446,32294,34480
E12000003,Yorkshire and The Humber,E06000014,York,15502,16832,17023,19349,19917,21048,21077,22442,23260,22822,24912,25128,25169,24346,24960,26277,27604,25880,25622,26113,26448,26506,29611,31096,32501,33077,34450,36830
E12000003,Yorkshire and The Humber,E06000065,North Yorkshire,,,,,,,18628,19570,20422,20201,21594,22660,23801,23373,23478,23000,24020,24526,24429,24912,25286,26187,28086,27765,28240,29610,30105,32713
E12000003,Yorkshire and The Humber,E08000016,Barnsley,14818,14813,16159,15985,17611,17529,18969,19470,19728,20261,20798,21174,23146,23510,23465,23431,23556,23274,25864,25235,24899,25298,27734,26686,28621,27798,32069,34256
E12000003,Yorkshire and The Humber,E08000017,Doncaster,15397,15163,15400,16995,17268,17273,18790,19401,19702,21392,22410,23664,22669,23760,24248,24692,24088,24785,23352,24674,25066,26731,26576,27848,26937,28887,30589,32548
E12000003,Yorkshire and The Humber,E08000018,Rotherham,15810,17041,16376,17517,18110,18235,18267,19940,20914,19950,21655,22227,23717,24001,23783,23068,23774,24218,25585,25230,25554,25524,26301,27931,27925,28441,31135,30628
E12000003,Yorkshire and The Humber,E08000019,Sheffield,16008,16838,16344,17550,18372,19478,19811,20968,21722,22268,21935,23712,24143,23872,24186,24987,25688,25468,26147,26804,27185,27721,28312,29141,29607,30000,32372,36400
E12000003,Yorkshire and The Humber,E08000032,Bradford,15084,15951,16252,17221,17740,18951,18886,19498,19538,20027,21000,22283,23145,22798,22241,22813,23897,23530,23952,25262,25702,25915,26442,27914,28939,30879,31558,32532
E12000003,Yorkshire and The Humber,E08000033,Calderdale,15601,16222,16733,17213,18726,18416,20109,22232,23613,21669,21903,23145,24427,23511,24760,23211,23708,24905,24733,26284,26869,27695,27230,27532,27548,29958,31598,36647
E12000003,Yorkshire and The Humber,E08000034,Kirklees,15924,16493,16546,17018,18008,18196,18836,18989,20368,21314,21588,21308,21764,23150,22626,23254,23318,23353,22950,24619,24790,26040,26526,27471,26620,30115,30057,32357
E12000003,Yorkshire and The Humber,E08000035,Leeds,15439,16180,16889,18172,18728,19182,20738,21349,22599,22957,23252,24159,25741,25253,25222,25337,26496,26381,27089,28165,28317,28045,29337,30339,30583,32690,34622,36638
E12000003,Yorkshire and The Humber,E08000036,Wakefield,16519,17187,16969,18203,18725,19252,20295,20472,21554,22208,23007,24969,23954,23546,24124,25091,24518,24480,24279,24701,25056,27096,27694,27935,28265,29586,32762,33995
E12000004,East Midlands,E06000015,Derby,17036,19290,19762,19785,22092,22630,24852,25764,27252,27417,22786,28443,31870,32311,31417,32918,33502,34526,33910,32177,32347,36173,39141,40431,36330,36023,39915,39748
E12000004,East Midlands,E06000016,Leicester,15288,16044,16084,16899,17548,18541,19175,19435,21361,21112,22533,23341,23968,24995,24286,24594,25323,25399,24767,25368,25188,25223,25937,28507,27488,29242,31387,31965
E12000004,East Midlands,E06000017,Rutland,14135,14223,14925,17284,16447,16161,19711,20020,19940,21257,23692,22577,25832,23741,22450,22108,22569,23403,22634,25013,25732,26377,30240,30314,29841,33117,35348,35458
E12000004,East Midlands,E06000018,Nottingham,15815,16003,16172,17907,18700,19429,19518,21585,22471,22636,22888,23013,25076,24501,24690,25184,25217,24978,25975,26086,26099,26298,28508,28385,27979,29156,30179,33080
E12000004,East Midlands,E06000061,North Northamptonshire,,,,,,,19429,19806,19822,20369,21852,21633,22454,22203,23094,23743,23090,23769,24191,24883,26110,26968,27374,29303,28501,31564,30856,34598
E12000004,East Midlands,E06000062,West Northamptonshire,,,,,,,21122,22080,22231,23424,23918,24872,24570,24541,25667,25761,27117,25647,25017,25472,26699,27462,29880,29763,28794,31782,34005,37310
E12000004,East Midlands,E07000032,Amber Valley,15121,15434,15581,15657,17123,17296,17523,20006,21303,21367,22423,25408,24836,23406,24058,26552,25000,25001,26384,27725,29680,28973,29430,29375,31022,29266,33092,33852
E12000004,East Midlands,E07000033,Bolsover,14427,15111,15608,15886,17705,18020,19457,21948,20055,20788,23925,22609,22109,21586,21553,23194,22786,23456,22668,22714,22381,23783,23982,27655,25087,25806,30659,30637
E12000004,East Midlands,E07000034,Chesterfield,15450,15444,15353,16518,16481,17841,18603,18985,21618,21647,21834,21502,24101,25790,27396,25863,24502,25149,25245,25220,25089,26073,26966,27521,27422,28735,29267,34799
E12000004,East Midlands,E07000035,Derbyshire Dales,15789,15105,16517,18243,19322,18675,20820,19799,20714,21896,22353,23602,22517,23918,23873,24615,24377,25509,24699,26135,26738,27130,27749,25940,27761,31457,30181,34265
E12000004,East Midlands,E07000036,Erewash,15084,15648,15934,16356,16709,17593,19147,21396,19916,19287,20343,20857,21507,21478,20349,23054,24498,23407,23050,26166,26347,26275,25874,27342,29420,31382,33724,36470
E12000004,East Midlands,E07000037,High Peak,15095,15904,16426,17362,18977,19379,18014,20010,21037,21967,21037,22953,25448,25463,23118,23746,24975,21457,23147,23902,24740,23843,25609,26750,26473,28898,29339,31867
E12000004,East Midlands,E07000038,North East Derbyshire,15079,15768,16135,16343,18217,18314,20772,19490,20649,23378,24578,25005,24239,23449,24262,22767,22904,21751,20718,22268,23951,28099,25811,26676,26829,29773,28824,33062
E12000004,East Midlands,E07000039,South Derbyshire,17542,17005,17067,14348,15189,19885,18677,21249,23164,24425,26423,26649,24824,21453,24365,23983,24909,26170,26140,24322,26190,28726,29886,29507,29962,32235,33848,36580
E12000004,East Midlands,E07000129,Blaby,18325,18392,15849,19186,19623,20341,21014,23285,23493,23392,24156,25588,27160,26609,26633,24548,23529,25286,25243,25804,26640,27861,27067,31200,30362,35969,34038,37024
E12000004,East Midlands,E07000130,Charnwood,16952,17495,17165,18290,19916,21104,21306,21958,22857,23953,24006,25337,26429,26048,26336,25905,26398,26710,26077,27952,27395,29156,28888,29278,29512,32873,33192,34130
E12000004,East Midlands,E07000131,Harborough,15497,16258,17703,16884,17976,19448,18614,20080,21943,21252,22488,24223,25598,25824,24513,23677,25253,26741,25828,26665,26912,26640,26840,29997,29833,29515,31323,32863
E12000004,East Midlands,E07000132,Hinckley and Bosworth,15189,16091,14977,15878,17530,19374,19419,20181,21609,21661,22753,24057,23947,24124,23400,25390,26560,26038,24985,24374,25842,27891,28074,28433,27445,29203,32765,32504
E12000004,East Midlands,E07000133,Melton,18079,16879,15240,18416,18856,17432,19258,21181,19806,22065,20740,23123,21636,21740,21892,23097,22547,20944,23057,24522,25236,24546,25593,24793,21374,32052,29068,31229
E12000004,East Midlands,E07000134,North West Leicestershire,16514,17834,18086,17863,18082,18278,18554,20773,19915,21672,21791,24977,23967,23555,24576,25366,25148,24189,24420,25991,25745,26617,28876,28996,29995,32674,33507,33941
E12000004,East Midlands,E07000135,Oadby and Wigston,15403,15408,16097,16053,15794,18065,19466,20959,21169,22474,20522,20120,20724,20637,19929,21356,21693,21889,22254,22991,23874,24805,24127,24412,24198,25129,26585,28767
E12000004,East Midlands,E07000136,Boston,14422,15695,15734,17500,16197,17020,17488,16777,18397,18470,19325,19799,21036,20671,21376,21430,21468,21538,20770,22353,20577,22391,24323,24364,24224,25640,28647,31589
E12000004,East Midlands,E07000137,East Lindsey,13404,14370,14496,15078,15802,16138,16069,16822,17094,17548,17661,19672,21419,20513,20532,21216,23102,23603,23928,25036,24782,25465,25885,26744,25868,27745,29939,30998
E12000004,East Midlands,E07000138,Lincoln,15935,15784,16887,18400,18567,19982,19656,19932,20099,21419,20539,21280,23229,23809,23939,24177,24292,25477,23572,25063,25905,27161,26246,28786,28493,30453,32994,34488
E12000004,East Midlands,E07000139,North Kesteven,15079,15825,14697,15686,15827,16052,15513,18064,17580,18231,20659,19545,20005,21852,20109,21427,21849,23464,22774,23229,24544,25718,26865,29328,27795,30131,32292,34750
E12000004,East Midlands,E07000140,South Holland,14203,15215,15597,16342,17131,18595,19011,18299,19012,19717,20089,21755,21331,23322,21963,21901,22837,22025,22319,23007,23963,23545,25094,26340,25464,27854,29987,31298
E12000004,East Midlands,E07000141,South Kesteven,15246,15173,15299,16166,16711,17491,17200,18409,17792,19091,19952,21003,23339,22727,22137,22116,23260,21257,22634,22204,22251,23292,25107,27186,26777,29164,29765,32682
E12000004,East Midlands,E07000142,West Lindsey,12783,15053,14889,17218,15869,17720,18061,18934,20107,20692,18291,20427,21554,23302,22595,22895,23704,22989,23192,25963,27526,27470,27497,28815,30551,34608,31018,30929
E12000004,East Midlands,E07000170,Ashfield,14088,14114,15124,16202,17600,18091,18304,18703,20138,20855,20751,21637,22677,23836,22039,22418,21858,22754,22338,24748,24807,28202,25184,27486,27285,30925,29605,34192
E12000004,East Midlands,E07000171,Bassetlaw,16295,16478,15667,16489,17455,16563,19225,19863,19677,20185,20494,20810,23051,21813,22231,23343,23804,23239,22029,23286,24015,24572,24922,26435,26222,25787,27829,31339
E12000004,East Midlands,E07000172,Broxtowe,15752,16571,16981,17355,18645,18544,21554,21340,22888,23700,24331,24497,24199,22808,23143,22698,24076,25284,27534,27181,26883,25710,27362,25100,27201,28606,31295,30656
E12000004,East Midlands,E07000173,Gedling,17057,16331,16199,17658,17844,19781,19471,21131,23965,21746,26770,24595,25950,23774,19794,27070,29577,29868,23253,24479,30511,33065,28935,29176,26321,32689,33300,34749
E12000004,East Midlands,E07000174,Mansfield,13269,13613,12962,14066,15536,15503,16173,17513,17794,19837,20045,21610,21677,20916,20493,19682,20461,20781,20396,20529,21047,22918,23318,25540,25676,29041,30345,32614
E12000004,East Midlands,E07000175,Newark and Sherwood,14625,14834,13476,15067,16677,19306,18173,18535,18316,20830,20808,21919,21520,20437,21452,22038,23105,23102,22363,23643,23340,23169,23096,25391,27733,27092,31349,34432
E12000004,East Midlands,E07000176,Rushcliffe,16561,18179,19755,19523,19671,22437,23167,22850,25076,23271,23818,25669,25649,27619,25698,24639,27053,28763,27441,27538,26652,29997,30619,30376,30470,32892,31405,33003
E12000005,West Midlands,E06000019,"Herefordshire, County of",,14897,14702,14995,16502,17125,17410,18854,18992,19957,20457,21190,19930,19915,19578,20054,20791,20831,21022,22873,22985,23958,25308,27110,26779,27500,30228,32456
E12000005,West Midlands,E06000020,Telford and Wrekin,16029,16410,15276,17026,16930,18264,19363,20020,20067,20543,23293,23849,22713,22429,22476,24210,24853,24526,26743,26071,25522,26667,28772,30328,28863,31675,32204,35317
E12000005,West Midlands,E06000021,Stoke-on-Trent,13785,14724,15233,15693,16326,16341,17158,17340,18031,19370,20497,22297,22164,23121,22685,22984,23692,23011,23781,24482,24457,26177,26596,28178,28348,29489,31012,32860
E12000005,West Midlands,E06000051,Shropshire,,,,,,,18493,18895,19445,19754,20918,20759,20452,22151,22344,22124,23692,23220,23951,24829,24634,26516,27261,28659,27407,31118,31753,32944
E12000005,West Midlands,E07000192,Cannock Chase,15606,17072,17035,18450,17042,19029,18339,18935,19780,19926,20363,23642,21914,22491,22037,22273,24643,23296,23885,23953,25360,26002,25409,26197,28134,26971,29088,32424
E12000005,West Midlands,E07000193,East Staffordshire,16222,15324,15003,17956,18600,19590,19420,21814,20801,21211,21681,23236,22446,22679,24598,24843,26975,25785,26533,28356,26410,27467,28375,29367,28123,30140,32523,35980
E12000005,West Midlands,E07000194,Lichfield,16232,16457,17532,16915,17647,18107,19295,21446,21770,22048,19713,23067,24491,25290,24909,22592,25431,24085,26085,26971,26582,26133,27851,27329,26436,26374,32200,34939
E12000005,West Midlands,E07000195,Newcastle-under-Lyme,13843,16451,15140,16214,16579,16814,17605,18720,19374,19000,20725,21574,20901,20424,20516,21258,23261,22878,20970,22312,23725,24428,24271,25601,26073,28147,31833,29993
E12000005,West Midlands,E07000196,South Staffordshire,15591,16999,17326,18104,17193,17715,17960,21607,21800,23994,22182,23819,24041,23819,22389,22327,25060,24071,25358,25396,27392,29110,27412,30899,31384,29181,33185,34273
E12000005,West Midlands,E07000197,Stafford,15116,16279,15870,17339,19891,19770,18916,20104,21665,22113,22520,22995,25360,24845,25562,24925,27255,26638,25317,27775,26529,27108,28575,28840,29689,31781,33786,35682
E12000005,West Midlands,E07000198,Staffordshire Moorlands,15512,16744,15899,17366,18461,18269,19769,18330,21491,21200,21561,23153,22408,22444,22530,26047,25772,27124,21154,25447,26049,25323,29211,28071,30202,30560,33272,29978
E12000005,West Midlands,E07000199,Tamworth,15648,17250,16637,16988,17023,18051,19953,19337,21312,21668,21194,22813,21512,21533,21853,22464,22096,23038,22845,24077,24614,24632,24066,24926,25359,30169,30698,32688
E12000005,West Midlands,E07000218,North Warwickshire,14229,15966,15780,18486,17453,17548,20450,22274,22777,23190,21005,21761,23579,23823,26762,25275,24106,22119,22134,26751,27032,26949,29031,29439,28647,31398,31650,37218
E12000005,West Midlands,E07000219,Nuneaton and Bedworth,15314,16592,15391,16022,17274,17055,18293,18168,19244,20251,21878,21601,23303,23306,22048,22613,23393,23548,22800,24001,23735,26381,25521,24951,25522,27046,30132,32451
E12000005,West Midlands,E07000220,Rugby,17265,18893,20013,18596,23046,20786,22491,23914,24514,22827,24502,26616,26464,27020,27111,27457,28231,30678,30508,30233,31161,31037,32093,34048,35745,35908,34442,37575
E12000005,West Midlands,E07000221,Stratford-on-Avon,17469,17907,19327,19883,20363,18528,21059,23774,23761,25822,25000,26110,25160,26071,25476,26968,27978,28536,27699,30188,31813,30604,27971,32069,32445,30813,33242,36358
E12000005,West Midlands,E07000222,Warwick,16504,17526,17722,18657,19786,20465,20259,22788,22595,25182,25527,26334,27263,26030,26920,26992,28600,28214,29094,29414,30740,31170,34222,33992,30594,31747,35256,37193
E12000005,West Midlands,E07000234,Bromsgrove,16378,16921,17647,17079,18053,16358,18591,19204,19742,20383,19270,21708,22115,21874,20677,22349,22111,22473,23238,24067,25875,26454,28653,28625,28584,29255,34468,32479
E12000005,West Midlands,E07000235,Malvern Hills,,14521,17002,18801,19450,15812,20053,19668,19742,21062,23067,26873,26240,21992,22871,22871,25986,24259,23234,22957,23585,23229,25769,22879,26852,29346,33195,32706
E12000005,West Midlands,E07000236,Redditch,16629,15956,16193,16883,17809,18035,18369,18931,19134,19279,19411,21097,24963,23673,22529,22065,23475,24388,23209,24482,24315,24254,25472,26984,31692,26939,32147,33992
E12000005,West Midlands,E07000237,Worcester,15601,15784,16733,17284,17264,18813,19440,19756,21616,21508,22089,22059,23239,24530,23671,25152,24595,24978,25560,26288,27564,28718,29495,28771,27978,33108,33686,36024
E12000005,West Midlands,E07000238,Wychavon,15053,16681,16921,17827,18125,17664,18277,18483,20490,19646,20118,20325,22497,22848,23634,23665,24120,24384,25483,26210,27355,27612,28034,28046,28449,30599,32559,34437
E12000005,West Midlands,E07000239,Wyre Forest,14469,16128,16389,16994,17131,17793,16982,17955,20201,19919,20442,22464,19744,19763,18662,18512,18898,20610,22177,22043,22990,21762,25852,26756,27577,27455,32924,32394
E12000005,West Midlands,E08000025,Birmingham,17083,17782,18447,19325,20601,20749,20971,21469,22659,23181,24099,24906,25500,25917,26311,26250,27244,26168,28000,28165,28848,30151,30733,33023,31987,34147,35000,37439
E12000005,West Midlands,E08000026,Coventry,16446,18022,18860,19251,20975,21805,22333,22804,24173,24413,24285,26079,25285,25187,26559,26890,29475,27377,27767,28716,29720,30945,29937,32524,33313,33715,39503,37523
E12000005,West Midlands,E08000027,Dudley,14625,16545,15927,16515,17665,18863,18483,19247,19437,19674,20384,21504,21352,21133,22298,22236,21386,22482,24335,25198,25490,26324,26762,29083,29926,30920,32156,34296
E12000005,West Midlands,E08000028,Sandwell,15163,15784,16158,17404,17848,18675,19366,19252,20581,21134,21631,23457,22519,22335,22808,23508,23989,23373,24192,23703,25022,25541,26119,27645,27547,27473,30639,32076
E12000005,West Midlands,E08000029,Solihull,18773,20344,20672,21741,22403,22812,23692,25510,25788,26229,27824,29481,29312,28525,27772,28839,29829,30034,31335,32415,33600,35454,32835,31065,35486,40743,35353,37130
E12000005,West Midlands,E08000030,Walsall,15194,15637,16108,16469,16378,17000,17466,18200,20044,20213,19666,21123,21221,22514,23274,23254,23408,25020,25594,25767,24560,25010,27493,28559,29064,29300,32204,33581
E12000005,West Midlands,E08000031,Wolverhampton,15648,16311,16592,18303,18285,19946,19371,21098,21026,22029,22341,23854,24112,24073,23703,25000,24803,23434,24336,24967,25215,26460,28445,28042,28441,30380,31771,34726
E12000006,East of England,E06000031,Peterborough,,17171,17523,17999,18300,19859,21038,20888,22148,22795,23210,24096,24768,24632,25345,25939,27036,26655,26575,26997,25591,27133,28771,29873,29937,31396,33589,34105
E12000006,East of England,E06000032,Luton,18888,19347,21291,19632,19628,21709,22791,22172,23707,24234,23795,26451,26660,26317,26277,24653,25814,25763,28729,29686,31935,29455,32243,33538,32949,32754,33639,37784
E12000006,East of England,E06000033,Southend-on-Sea,16191,15731,16483,18041,19027,19346,19565,20592,20310,20704,21999,22901,22045,23691,24202,24285,24821,26190,24455,26026,25249,26659,27358,27993,29211,27993,31567,31652
E12000006,East of England,E06000034,Thurrock,18878,18648,19771,21304,20636,24529,24078,25015,24152,23328,23279,24711,24493,25245,25793,25178,26182,24303,25604,25372,27509,27885,29989,30939,30673,34305,35193,34612
E12000006,East of England,E06000055,Bedford,17046,18179,17737,19291,20352,20787,21465,21584,22485,22894,24485,23602,23663,24000,25884,24587,25314,25201,26819,27832,28332,28472,31255,31907,29403,33190,33266,34773
E12000006,East of England,E06000056,Central Bedfordshire,,,,,,,23236,22497,23380,24652,23473,26453,24373,23531,22696,24844,25818,25584,25233,25389,27904,28860,30403,30690,30502,32587,35030,35759
E12000006,East of England,E07000008,Cambridge,18022,17229,17850,20044,20938,20988,21990,23362,24873,24318,25069,27369,28120,28555,28894,29143,31227,29840,30681,31917,31777,33180,34224,35261,35634,35863,40735,43365
E12000006,East of England,E07000009,East Cambridgeshire,15846,13780,14133,17825,17086,19015,19849,21684,20732,21226,23364,23275,23684,23949,23352,23266,25907,24242,25775,26348,27904,26257,28091,26673,29609,29575,32924,34703
E12000006,East of England,E07000010,Fenland,16342,17573,16818,17883,17732,16504,19358,20768,19903,21197,21230,21360,22788,19958,23297,23664,23120,24317,24232,24641,24589,21823,23234,26929,24016,29016,30845,31332
E12000006,East of England,E07000011,Huntingdonshire,,17338,17725,18945,20416,19736,21347,22420,22833,22693,23560,24328,25768,25926,26152,26133,26591,27079,26053,27358,28445,28855,29633,30352,30097,31891,35423,35519
E12000006,East of England,E07000012,South Cambridgeshire,18518,19285,19157,20365,22467,25311,25837,27944,26981,29305,30000,31764,31481,32074,30370,32750,31635,33346,33338,32744,33246,35220,37136,36867,36936,39844,41026,44532
E12000006,East of England,E07000066,Basildon,18919,19311,20849,23410,25105,23192,24685,25743,24672,25528,27082,25741,26047,25362,26513,28478,29017,27998,28508,28551,27265,27675,31429,31153,32834,30685,33788,37526
E12000006,East of England,E07000067,Braintree,14297,14630,14925,15795,17214,19124,19496,20691,22713,23186,24633,23158,22950,23631,24790,24628,26483,25861,26988,29088,27896,27049,28359,29552,28418,31978,32396,37301
E12000006,East of England,E07000068,Brentwood,16519,18079,18339,18438,20690,27178,25435,25040,23309,25060,26674,26564,27842,26934,26966,28501,30434,31580,30741,31351,36022,32483,33040,34119,30416,34818,39820,44055
E12000006,East of England,E07000069,Castle Point,14787,18283,17378,17276,18846,16148,17154,17199,21033,21137,19088,22265,20709,19133,18825,21233,20674,21638,21403,23823,25341,27684,27846,27129,27362,28879,31924,37789
E12000006,East of England,E07000070,Chelmsford,17944,18121,19371,19997,21462,21568,20560,21062,22134,23039,24798,25697,26674,27179,27296,27422,27654,25689,27571,27295,28807,28762,30815,32330,31913,31511,34514,39207
E12000006,East of England,E07000071,Colchester,15617,16535,16668,18639,19077,19249,20300,20328,22098,22831,22223,22936,24556,24761,24104,24954,25021,25202,25116,26438,28686,28398,28739,28704,29098,31366,34468,37428
E12000006,East of England,E07000072,Epping Forest,16024,17818,18040,19542,20906,18825,20497,21651,24268,25968,26710,29431,29179,25875,26939,27932,26474,28874,28606,28875,29652,31205,32911,32526,32497,33045,37078,42218
E12000006,East of England,E07000073,Harlow,19801,18914,18743,21007,22159,22105,25525,24945,25733,26466,31970,33321,30309,27991,27854,28678,27073,29438,28176,27721,29996,29480,31061,31063,28100,29692,32121,35930
E12000006,East of England,E07000074,Maldon,16008,16290,15383,18260,23005,21022,21688,22678,22231,22710,19599,24183,25115,24884,28209,25771,30075,25927,25026,27889,29537,27923,26830,27397,26586,29935,31321,31954
E12000006,East of England,E07000075,Rochford,15345,15538,17660,18097,17403,18372,18243,21224,21770,23195,24006,23439,24266,22282,22180,22058,24236,24083,26971,23742,26870,28111,32250,28591,29715,31454,34485,34942
E12000006,East of England,E07000076,Tendring,15048,16003,16005,16917,15083,17063,18885,19302,18748,18527,18288,19091,19365,21223,20529,22296,22730,24929,25047,23156,24241,25269,27212,28173,28014,31395,33004,30301
E12000006,East of England,E07000077,Uttlesford,16483,17845,19420,18835,20032,21652,23385,20740,22495,23120,25340,26366,25921,27753,27770,26397,25851,27336,26710,28868,28837,29997,30932,32386,32533,34299,37685,36574
E12000006,East of England,E07000095,Broxbourne,18622,17777,17280,18530,19234,19812,21138,21434,23147,22437,22002,24945,24540,24424,26160,25149,27431,28545,28866,26097,29511,31525,30927,29980,34864,34559,35502,37611
E12000006,East of England,E07000096,Dacorum,18685,19702,20722,21505,22823,24466,25458,25434,25276,25539,27931,29562,28244,27998,27812,28015,27754,27579,26116,30031,29013,30941,30798,32868,30994,30648,33118,34161
E12000006,East of England,E07000098,Hertsmere,18361,20114,20639,21872,22854,22892,22732,25146,25278,25168,25795,26585,29395,32299,26272,30270,29505,28261,29997,30751,31670,31760,31295,31379,34123,37392,38162,44347
E12000006,East of England,E07000099,North Hertfordshire,16744,18612,18953,20553,20667,22536,22387,23144,24107,25057,24528,26125,27306,27907,27401,27568,27865,28786,31128,30031,32506,30924,34299,32994,35162,35094,37901,36802
E12000006,East of England,E07000102,Three Rivers,18935,23548,23631,22952,25161,27778,30100,31085,32216,34097,35575,36589,32811,33472,32222,31466,31626,31010,30448,33164,33589,34592,34022,29689,35015,41345,46735,43676
E12000006,East of England,E07000103,Watford,20542,21241,22532,21164,23546,21428,25527,24052,24594,25547,24809,26432,27080,26251,24589,27977,29391,29905,26397,30428,28202,29135,30448,31719,32059,28699,33042,39448
E12000006,East of England,E07000143,Breckland,14740,15319,15731,15892,17332,17642,16625,17712,19229,19727,20215,20680,21059,21137,21877,24490,22177,22299,21709,24281,22369,24515,25142,26469,26611,27912,31679,31940
E12000006,East of England,E07000144,Broadland,13989,15043,15477,16361,17277,17254,17924,19108,18759,20501,21077,22946,22377,22570,22231,23833,24607,24614,25386,23744,24288,26539,28652,29861,29740,32860,33530,35813
E12000006,East of England,E07000145,Great Yarmouth,15371,15695,18369,18771,19014,20201,20312,20719,21600,22451,24183,23971,24559,23708,25196,26086,25563,24226,26912,28743,25672,26965,28416,29316,30420,31601,32755,32773
E12000006,East of England,E07000146,King's Lynn and West Norfolk,16478,16008,16289,17951,17882,18812,19264,18788,19731,20895,22067,22981,22465,22051,24483,24794,23686,26452,25803,26119,25278,26660,29479,28904,28588,29860,31767,34761
E12000006,East of England,E07000147,North Norfolk,13660,14537,14591,14922,15837,16841,17658,18856,18283,17271,18157,19578,20027,20820,21343,20984,20952,20996,24303,25353,24480,25054,25322,28450,25418,28209,28402,30120
E12000006,East of England,E07000148,Norwich,15851,16556,17319,18377,18853,18539,19463,19313,20606,21659,22163,22871,23811,23949,25638,24871,24748,23969,25235,27563,26849,27163,27446,28506,30450,29217,31692,34711
E12000006,East of England,E07000149,South Norfolk,15225,15570,18419,20779,20908,19870,20133,21962,22369,22753,20895,24048,25379,24224,24823,24934,25403,25198,25833,26941,27277,28719,28665,29090,30838,32570,34963,36624
E12000006,East of England,E07000200,Babergh,15131,16044,16051,17502,18228,17606,17958,19584,19659,21973,23491,21998,23065,22341,23691,23507,21324,23583,23723,22196,24918,23945,25755,26678,26858,26372,28411,32498
E12000006,East of England,E07000202,Ipswich,14970,15288,15393,16427,18093,18317,18619,19628,20400,22278,22798,24995,23468,23016,24241,24633,24687,26219,25701,28349,27072,27865,26867,27919,28297,32000,33389,33482
E12000006,East of England,E07000203,Mid Suffolk,15251,16055,15716,15254,16808,18781,18018,19629,19524,20518,20525,21548,22143,21260,22786,22068,24085,24051,27639,25051,24991,28068,28955,30459,29072,29165,32369,37482
E12000006,East of England,E07000240,St Albans,,,,,,,22605,24321,25741,27087,27937,27977,29860,27509,27587,27659,25861,28992,29311,28949,31202,32098,32940,33867,32899,34174,36111,40149
E12000006,East of England,E07000241,Welwyn Hatfield,,,,,,,26001,25435,29542,28548,29249,30138,29559,29528,26159,29020,28588,29954,30288,31578,32959,33695,34998,36958,33924,38695,38668,44496
E12000006,East of England,E07000242,East Hertfordshire,,,,,,,23992,24961,25416,24218,25245,24278,25699,26471,26824,27038,30138,29041,30187,31107,29458,31204,32433,32748,33981,35073,40684,42852
E12000006,East of England,E07000243,Stevenage,,,,,,,26207,27262,25452,26882,26576,26898,28527,29078,30704,31841,29656,31892,32961,33650,34686,33532,35429,35658,36261,39144,41741,38897
E12000006,East of England,E07000244,East Suffolk,,,,,,,21247,22060,22155,22558,23989,25639,25472,25426,26203,24000,25225,26507,26304,27321,27853,27022,29901,29625,28253,33521,34551,35107
E12000006,East of England,E07000245,West Suffolk,,,,,,,18785,19665,20114,20782,20352,22913,23280,23785,25126,22876,23453,23519,23715,25130,25423,26636,27590,28898,28757,29908,33897,33681
E12000007,London,E09000001,City of London,28181,29297,33020,34903,39104,39750,42128,43347,45000,46292,49955,50503,52092,52271,54381,54000,54202,54710,54034,55487,56295,61203,61527,60407,63000,61911,62015,64008
E12000007,London,E09000002,Barking and Dagenham,17218,22504,21480,22618,22323,24813,25337,26089,26680,26549,30200,29396,30973,28527,28201,33131,32248,32698,33018,30994,28553,29995,28739,32444,32482,31559,34341,35777
E12000007,London,E09000003,Barnet,17427,18606,19568,21761,20916,23112,23843,25389,27033,26071,27436,27978,30496,30000,30237,29594,29353,31162,30900,32623,32143,29927,31637,34022,34800,34021,38457,35959
E12000007,London,E09000004,Bexley,18043,18737,18621,19363,20217,21101,22232,20946,23936,24719,26457,28326,28222,27738,28638,27440,28512,28505,29664,29177,30733,30858,31656,31742,29194,34976,35728,37948
E12000007,London,E09000005,Brent,17427,18914,18532,22348,21878,21350,23024,23323,24209,25279,25763,27326,27503,25997,26772,27577,28034,29514,29987,30699,30134,30366,31706,34046,33633,42766,36160,37822
E12000007,London,E09000006,Bromley,14693,16175,16720,16401,15684,16635,19042,21192,24241,25715,25666,27236,26951,27712,28163,28082,28126,27926,30444,30861,29819,30762,31765,34975,34432,36640,40138,41575
E12000007,London,E09000007,Camden,21507,23036,23677,25484,27386,27432,30007,30510,31314,32418,33059,35314,36375,36527,35967,36962,36336,36748,36970,37817,38147,39198,40238,40422,41262,44583,45326,47882
E12000007,London,E09000008,Croydon,18168,18846,19563,21339,20889,22675,22810,24371,24652,26049,25965,27482,28225,28586,28979,28974,30939,31154,30628,31479,32109,33804,35654,34107,34911,38726,38696,43337
E12000007,London,E09000009,Ealing,19191,20005,20580,22512,23862,24542,24353,26722,27235,26354,27490,29439,28234,28732,28646,31104,29733,28825,28657,29241,30259,29928,31032,32685,32213,34810,37856,40302
E12000007,London,E09000010,Enfield,17881,19248,19289,22467,24136,24654,22463,27414,24594,25088,26325,25550,27828,26967,26412,27123,25805,25805,26230,28918,29134,29238,28170,31143,30808,36278,35885,39025
E12000007,London,E09000011,Greenwich,19060,20229,21236,22121,20761,21846,23582,25387,26330,27363,29319,30766,29871,31821,29932,30097,29251,28954,30497,30180,32635,33163,33214,34257,34429,33719,37420,38279
E12000007,London,E09000012,Hackney,21528,24878,23249,24083,24095,24582,25300,26687,28923,30105,28996,31589,33107,35149,33512,34803,33097,33116,31566,32404,33618,35286,35082,36756,39181,43182,45094,49245
E12000007,London,E09000013,Hammersmith and Fulham,22196,21930,25000,25264,26319,28012,29808,29830,30787,30464,33535,33779,36525,35033,36143,35136,34554,33688,34652,35000,36972,40972,38177,41807,39419,40739,44642,46247
E12000007,London,E09000014,Haringey,18038,18079,18783,19772,20349,21972,22412,23481,24626,27020,26281,29859,28515,29597,28032,29116,29609,30325,30072,29753,31442,29801,30515,33613,32485,32825,35654,39453
E12000007,London,E09000015,Harrow,18533,20939,20596,22238,22960,23176,22796,24750,26162,25575,26107,27627,27532,27921,27540,26738,25784,26037,26770,30134,31255,30553,32812,29644,33811,33466,34818,38083
E12000007,London,E09000016,Havering,15904,16071,17165,17418,17940,16123,18250,18240,24296,26394,26079,28800,28317,28235,28415,28326,29858,30003,30591,28906,29134,30181,32227,33946,31985,33366,40653,42795
E12000007,London,E09000017,Hillingdon,21779,23208,24002,25038,26051,26159,26551,28003,29351,28771,30290,31291,31584,31586,33589,33822,35738,33984,32681,33093,33596,31886,35359,38024,34530,34259,36142,40120
E12000007,London,E09000018,Hounslow,19989,20146,20155,23230,22853,24399,26033,27457,29584,26853,27547,29475,31672,31307,32759,31821,31173,33038,33717,36235,34119,35935,36672,36958,37940,38209,39151,41653
E12000007,London,E09000019,Islington,22207,22525,25113,26598,28323,33497,29173,30410,30499,33995,34779,36357,36981,34551,36000,36653,37325,36751,36679,39894,39348,40000,41199,42105,41946,45290,48006,50532
E12000007,London,E09000020,Kensington and Chelsea,18512,20203,20646,22952,24979,26649,25778,26846,26855,26619,28355,30217,29901,30196,31491,30726,31307,30002,31524,30008,31678,32976,33000,35295,33779,36500,38939,44300
E12000007,London,E09000021,Kingston upon Thames,18638,20015,19302,20983,21427,22575,23803,23708,24937,25640,27274,26583,27497,28240,28997,29067,29450,30768,28635,30729,31308,30711,32261,35268,35713,36203,37469,40719
E12000007,London,E09000022,Lambeth,21158,22676,23151,24264,24019,24952,26287,27186,28337,29930,30633,30566,33415,33821,34836,35280,35397,34491,34852,34670,35036,36200,37226,38486,35700,38175,40843,45650
E12000007,London,E09000023,Lewisham,18356,19916,20580,22357,21990,23254,22398,25238,28022,27021,27673,29403,30891,30806,29567,29995,30478,29983,30932,32217,33294,29966,32392,34403,33457,35980,38918,40004
E12000007,London,E09000024,Merton,17396,18147,18962,18906,21014,22429,22948,23208,25991,24883,26346,28363,27662,27441,28066,28613,28610,27539,30040,28224,29627,31182,31741,33114,34210,33980,37158,38736
E12000007,London,E09000025,Newham,19269,18747,18862,19437,21054,21420,22828,25896,26331,27162,27434,29467,31028,32578,29998,30540,29334,29061,28886,30743,30770,30392,33600,33886,36668,39781,39077,47295
E12000007,London,E09000026,Redbridge,18413,18246,19580,20256,21106,22133,23259,22702,26462,27940,29429,29283,31235,30086,29829,28100,31215,31127,29098,28237,29189,27315,29967,32526,31034,34565,34426,37841
E12000007,London,E09000027,Richmond upon Thames,18570,20229,22321,22574,23799,23311,25527,26770,26809,28610,30881,32437,31733,32249,32197,31505,31997,31533,32660,33329,32141,34027,35390,35575,35651,36888,39523,41536
E12000007,London,E09000028,Southwark,21069,21586,22784,24857,27114,28062,29307,29609,29534,31575,32000,31227,34265,35050,36124,36056,36198,34612,36238,37159,37601,39998,40367,42925,41234,43951,43321,48221
E12000007,London,E09000029,Sutton,20469,19013,19582,22019,22972,23311,24434,24514,25714,25102,25182,26082,26111,26288,26743,25247,30061,25797,27355,28318,27945,28853,32999,35097,30763,35728,35588,39364
E12000007,London,E09000030,Tower Hamlets,23704,25640,26376,28445,31232,31168,34237,39128,39493,38975,41117,41880,43987,44443,45970,44880,46441,48309,46681,45975,49369,49237,45914,50465,47945,52498,60790,64995
E12000007,London,E09000031,Waltham Forest,17265,18732,18547,19776,21245,21799,22918,23857,21931,23074,25034,26609,27651,27755,28005,27235,28447,26484,29352,27455,28284,30298,30664,34680,31997,30914,35747,39589
E12000007,London,E09000032,Wandsworth,18841,19692,21321,22840,22054,23720,24288,26137,26549,27405,30513,30808,32373,31818,32033,31262,31491,31085,31968,33405,33137,34501,34814,34791,33499,36434,39723,39999
E12000007,London,E09000033,Westminster,22483,23015,24447,25951,26829,28879,29318,31482,32519,33474,35315,36048,36765,37836,37406,37649,36946,37260,39392,40000,42152,43015,43753,46251,45000,45253,49985,51815
E12000008,South East,E06000035,Medway,,18622,18643,19835,19802,19540,20795,20612,21643,22212,23473,24723,26240,26308,26508,26192,25489,26502,26826,26782,28024,28032,29378,32887,31178,33404,33589,35682
E12000008,South East,E06000036,Bracknell Forest,20208,23407,23443,24992,26512,26616,28496,30028,31636,33615,34540,36169,36049,35120,38513,36850,36901,37868,33290,35246,36621,37410,37533,42029,40908,43566,42842,46733
E12000008,South East,E06000037,West Berkshire,17177,18773,20693,21753,24511,26910,26312,29090,27989,29930,28798,31535,33305,32862,30645,30447,31169,32122,33727,32438,32034,35893,36483,35913,38677,37702,41619,45054
E12000008,South East,E06000038,Reading,18027,20166,20978,21537,22753,23671,26131,25697,27715,27388,27796,27019,29022,30193,30821,31640,31591,30268,31440,33354,36107,36366,34206,34290,34409,38196,39689,45618
E12000008,South East,E06000039,Slough,19874,20401,20817,24390,24778,25930,26821,27349,27135,27484,28099,29385,31969,30785,31841,30919,33113,30124,30539,31751,32053,33407,36445,34815,39000,41105,39308,42384
E12000008,South East,E06000040,Windsor and Maidenhead,18622,18027,20809,21908,24027,25213,27364,27476,29868,31236,30784,33226,32138,32008,32396,32727,33749,33381,34288,32980,35175,34790,33080,34632,33929,37456,37784,41155
E12000008,South East,E06000041,Wokingham,19806,21283,22223,23488,27923,30739,29631,30210,29440,30528,34628,33916,34496,36096,35725,38505,34899,36707,36668,38784,34508,38131,38492,37682,38276,37316,47033,45245
E12000008,South East,E06000042,Milton Keynes,18184,19008,19042,20119,20547,21617,22598,23524,23774,23966,25987,26227,27075,27033,26803,27472,28758,29244,29062,32458,30594,31847,34247,34277,32661,35248,39633,40974
E12000008,South East,E06000043,Brighton and Hove,15460,15554,16689,17552,19000,20758,20559,21394,21877,22898,23143,24994,24707,25503,24886,25442,25544,27445,26541,27951,28083,27795,30230,33361,32037,31980,34861,36921
E12000008,South East,E06000044,Portsmouth,17036,17683,17185,18454,20847,21049,21996,22310,23094,24786,25406,26433,28136,28911,27457,27064,27067,27272,27867,28660,28239,29576,30996,32877,31851,34136,35073,38710
E12000008,South East,E06000045,Southampton,17584,17996,18988,19341,21753,21845,23121,23178,24050,24500,25417,26919,27251,27041,27902,27610,28101,28928,28604,29872,31119,28374,31381,32511,31365,33968,36110,37000
E12000008,South East,E06000046,Isle of Wight,14803,16118,16363,17595,18966,17527,20358,18831,20742,20791,22074,23247,23935,22207,23952,25192,23218,24009,23830,25063,24420,24802,24765,27193,26054,27696,28285,30983
E12000008,South East,E06000060,Buckinghamshire,17730,18502,19191,20698,21491,23552,23791,24898,25155,25440,26234,27875,29074,28148,28023,28444,29037,28825,28912,30618,31708,31122,33242,35000,35331,38798,38551,39847
E12000008,South East,E07000061,Eastbourne,16420,16765,17180,17249,18850,20597,20466,20962,22785,21708,24299,25833,25088,25120,25153,22972,23991,27184,27447,24969,26198,28922,30013,27526,28970,29278,31635,33009
E12000008,South East,E07000062,Hastings,13321,15799,15140,15695,16053,15757,17744,18127,18114,19853,18617,19330,20558,21700,22585,22506,22103,24266,24845,24683,24732,24799,24031,24936,25046,26006,26175,33463
E12000008,South East,E07000063,Lewes,17871,17333,17146,19758,19520,19405,20724,22259,21973,23352,23264,22131,25167,23931,25226,25160,26653,26413,26168,29072,31013,32396,29355,28243,31553,31318,34880,32038
E12000008,South East,E07000064,Rother,11709,13190,13941,15266,18445,18357,17599,18539,19750,19634,20490,20836,21878,21371,21393,21492,21362,20807,21581,22419,24393,22371,23567,24185,25355,28697,29417,32058
E12000008,South East,E07000065,Wealden,14563,15434,16157,17027,17604,18583,18997,20607,21331,20028,21804,22384,22695,23341,24015,23183,22825,21346,24784,24896,26737,26734,26999,28308,27011,28689,30908,32703
E12000008,South East,E07000084,Basingstoke and Deane,18779,20166,20872,20950,23389,25598,25371,27626,26474,27949,29466,31316,29952,30642,30410,28945,31322,31098,30792,33442,31687,33431,36209,35570,36221,38273,38432,41124
E12000008,South East,E07000085,East Hampshire,15872,17051,18245,19343,19818,22243,19650,19417,22571,22547,23768,22687,23108,26259,25796,24735,23410,24149,26844,26439,29448,28999,27979,29656,28504,34025,33133,34481
E12000008,South East,E07000086,Eastleigh,15851,16613,16579,17784,18564,18577,20091,20995,22489,22427,22016,22004,24048,25855,25147,25198,25599,26946,27987,28025,29103,28260,30214,31072,32906,32696,35289,36459
E12000008,South East,E07000087,Fareham,15090,17798,17020,18627,20808,19981,19869,20889,22586,21036,23003,25547,23874,24264,25333,26025,25875,27979,27701,27456,28378,30844,32088,28708,29645,32067,35962,39174
E12000008,South East,E07000088,Gosport,14604,16003,15254,15697,16945,18335,20717,20655,21196,22034,23132,21458,23255,22473,25112,22381,24561,27998,27949,25535,25289,27372,26714,31648,34953,29134,32134,36044
E12000008,South East,E07000089,Hart,20208,19937,20948,26917,25711,27384,27428,29779,26563,29208,30053,29229,33019,32824,30565,34328,31533,31669,32955,32077,34009,32367,36788,38287,37368,38752,38631,39509
E12000008,South East,E07000090,Havant,16191,16097,16387,17439,18761,18706,20106,19523,20055,22389,22161,21757,23848,24758,26615,27315,28932,25833,27730,27634,28104,27659,26925,28759,30273,30618,31786,35740
E12000008,South East,E07000091,New Forest,16071,17302,17250,19186,19561,19018,19744,20297,19893,21607,22450,22842,23586,23919,24484,24865,24710,26295,26611,26582,26473,28225,29328,31585,30815,33193,34533,33366
E12000008,South East,E07000092,Rushmoor,19650,20553,20410,21515,25000,26239,29408,28704,27654,30144,32561,33008,35820,34146,34600,32447,32800,32332,31965,29193,32637,36085,36979,35298,34320,35207,38505,41360
E12000008,South East,E07000093,Test Valley,16133,17912,17728,18563,18564,21971,20807,22612,23237,23532,23884,25188,26582,25964,27097,27675,27586,27745,28272,27826,28650,30333,30763,31631,31856,32967,35150,37018
E12000008,South East,E07000094,Winchester,16540,17422,18479,19466,21364,22971,24315,23670,24909,25523,27010,29152,28570,28397,27017,29810,30721,31150,31729,30515,33324,33310,32056,34043,33592,34557,37192,38544
E12000008,South East,E07000105,Ashford,17526,17297,17464,17739,19319,20758,20929,23188,22930,21155,21056,21632,23179,22982,24973,24353,23757,23735,25497,27510,27559,26852,30025,28912,29703,32177,31382,33981
E12000008,South East,E07000106,Canterbury,14385,15152,15757,16448,17814,17681,20283,21605,22171,21717,21822,23337,23730,23525,26561,25737,25688,25145,25296,24960,25638,26916,28202,27891,26515,33116,31597,35607
E12000008,South East,E07000107,Dartford,17526,19170,18864,17634,19959,21205,21035,20563,23761,27500,27819,29693,30377,28505,29014,28807,29103,28460,29026,31971,30967,31860,33755,36643,36887,37959,36768,38721
E12000008,South East,E07000108,Dover,17125,17333,17923,18477,18847,20772,20668,20470,25848,24602,22220,24430,26964,26348,25896,26553,26114,25136,26344,26753,27242,26038,30463,35105,30258,31363,36754,38718
E12000008,South East,E07000109,Gravesham,17662,17312,18063,18898,17854,19733,21054,22045,24328,22478,26266,29294,26039,27419,30934,27878,29121,29534,29853,29932,29711,29499,33644,34685,29921,34527,39843,39445
E12000008,South East,E07000110,Maidstone,15904,16264,16866,18000,18706,19697,20115,20874,20689,21547,21445,24491,24240,24838,24662,24671,23216,23412,27077,26202,28644,27580,29933,30742,31079,30535,30730,34018
E12000008,South East,E07000111,Sevenoaks,15570,17777,18016,19351,20490,20504,22186,23714,23264,23996,27582,26811,27837,24792,25779,25052,26876,28820,25244,26841,26062,28135,29572,33379,30037,30151,31669,35976
E12000008,South East,E07000112,Folkestone and Hythe,14343,15090,16081,16312,17018,17570,17659,18454,20353,18887,19246,23303,22456,24357,24293,26566,25254,24499,25629,23988,25247,27064,27708,24634,26824,31001,33811,34761
E12000008,South East,E07000113,Swale,16978,17735,17669,17699,17656,18503,22494,22646,21926,23433,24894,24954,25817,26126,25182,25497,24496,25174,26709,25223,25743,26825,27551,26859,27733,27846,31352,33536
E12000008,South East,E07000114,Thanet,14025,14964,15078,16760,16150,17374,17192,18115,18183,19130,20628,21194,20111,19111,20906,20355,21166,20609,21029,20772,20688,21826,25054,24368,24967,27476,29404,34997
E12000008,South East,E07000115,Tonbridge and Malling,18476,19123,19201,20768,19728,20978,23255,23387,23411,22447,23687,25877,26952,26980,25687,28276,26769,28216,28492,27879,28811,28960,29677,29339,28079,30920,32631,34717
E12000008,South East,E07000116,Tunbridge Wells,16222,16566,17177,19554,19640,21207,21646,23274,21293,22979,24728,24533,26437,25230,25920,28728,28068,26673,27333,27798,26588,29102,30429,29224,27843,31685,34285,37367
E12000008,South East,E07000177,Cherwell,16942,18236,18314,20356,17677,21215,22367,22550,22905,21609,22199,23708,26031,27246,26876,26891,25995,27075,28580,31541,30541,31928,30315,32332,31684,35014,36280,37654
E12000008,South East,E07000178,Oxford,17260,17620,19025,20213,21960,21343,22662,24358,25679,26154,26710,27584,27863,28945,29305,28982,29424,30475,31165,31799,32509,35550,34476,35732,35762,37574,39238,41152
E12000008,South East,E07000179,South Oxfordshire,16394,18612,18615,19339,19804,23096,25785,25648,25374,24845,27579,27907,26786,26408,26453,27387,26531,28220,30429,31410,32317,31122,33372,32779,33227,36686,40538,42673
E12000008,South East,E07000180,Vale of White Horse,18852,19535,20478,21543,23723,23922,24502,26169,26627,27098,31564,29649,30304,30523,34065,33066,33341,32605,34388,35007,37903,35473,35609,36821,37054,41105,40751,42981
E12000008,South East,E07000181,West Oxfordshire,16154,18492,20314,19265,21748,22524,22475,25081,23173,22986,23604,24390,25559,25262,25730,26720,26172,27581,28131,26295,29349,29011,32689,33423,31199,33122,35783,40331
E12000008,South East,E07000207,Elmbridge,18638,20459,21075,23400,23963,24836,25028,26182,30339,28316,31541,30165,28812,31022,31004,32249,32295,31504,33413,34507,34523,36002,36561,36531,34626,35167,42575,40429
E12000008,South East,E07000208,Epsom and Ewell,18392,19645,21225,18167,21210,22636,23441,23637,24542,25177,26439,28198,28940,30438,29593,31657,28305,24319,26962,27849,26480,28363,28684,28024,29470,28418,31056,36300
E12000008,South East,E07000209,Guildford,19436,19530,20865,21538,22341,23755,25593,26034,26802,26963,28503,31166,29936,29355,29678,31867,31608,30526,33103,34057,34138,35887,35009,36001,36737,39700,41411,44773
E12000008,South East,E07000210,Mole Valley,20125,20318,21495,20556,22362,25278,29935,30000,31125,32859,29971,31090,36000,35000,36485,37436,36078,34781,34313,34035,34801,32942,35541,34833,41184,39286,44794,43062
E12000008,South East,E07000211,Reigate and Banstead,18773,19483,19909,22390,23128,24356,25403,26838,27388,27581,30000,31843,30594,29761,31223,32867,30903,30297,32911,33015,34414,32844,33439,34935,33739,32355,35419,40961
E12000008,South East,E07000212,Runnymede,22034,20887,21963,23149,24963,28454,26462,27345,28981,31349,30523,32924,33767,33560,33156,35377,35558,37025,36342,35285,37110,36652,40011,40457,42356,38395,42702,45438
E12000008,South East,E07000213,Spelthorne,18387,21455,22691,24143,24066,27805,28928,31759,31609,28521,28593,30931,31204,29388,32721,33024,31964,34748,36246,33495,35639,32387,36013,32690,35730,37999,38393,43000
E12000008,South East,E07000214,Surrey Heath,21914,20276,23022,24469,26594,27789,29233,27946,28010,27969,28986,29859,31140,28697,29160,30048,31572,32322,31686,30000,30401,31383,37682,38780,38422,38814,37348,44529
E12000008,South East,E07000215,Tandridge,15752,17156,16698,17451,19221,19188,21064,20265,20907,22545,24300,24025,22696,25431,23141,20272,21606,24207,25175,26248,29427,26532,28511,31546,29940,33384,40196,37744
E12000008,South East,E07000216,Waverley,17537,17991,19832,19812,20905,20876,22330,21618,23446,24326,29350,26339,27299,24947,25635,26251,26014,26293,26055,28646,30412,29295,29376,29116,28779,30881,33413,39937
E12000008,South East,E07000217,Woking,16206,20980,21778,22843,23161,24084,27062,27685,28337,30310,28549,29725,25290,26403,23941,25111,24332,23734,25073,32301,32692,32921,37161,39133,34907,38791,37526,42565
E12000008,South East,E07000223,Adur,16926,18899,19644,19309,16594,22790,20374,22721,21776,22268,21310,22301,20641,21375,23929,22327,22361,22498,24061,24271,25874,25826,27186,27346,25711,26739,33187,36273
E12000008,South East,E07000224,Arun,15544,14704,15331,16703,16619,16946,17498,17860,18218,17400,19866,21566,22081,21694,20371,22028,22372,20396,21653,21969,22423,23517,23443,25142,26801,27090,29492,33048
E12000008,South East,E07000225,Chichester,16326,16410,16043,18254,19282,19725,20022,20447,19403,22518,19431,21432,23574,23536,24068,25540,24354,24986,25113,27683,26306,28829,27403,26408,28001,31554,30358,33151
E12000008,South East,E07000226,Crawley,18502,18575,20803,20907,22797,21516,22800,24657,24553,26377,25400,28128,29283,28634,29019,28304,31024,30370,31326,32791,31469,32444,32037,35927,34450,35464,38920,42886
E12000008,South East,E07000227,Horsham,18340,20417,17608,19059,21086,21914,24205,22886,22999,22593,23944,25843,22878,23974,26390,25806,25468,25427,25787,27115,26805,27396,29386,31823,29641,32079,33265,36808
E12000008,South East,E07000228,Mid Sussex,18982,19984,19994,19108,20970,21656,22170,22595,23007,24000,24875,25149,26384,28239,26000,25588,25920,25494,28039,27752,28975,29182,29598,30038,30372,33190,36067,37977
E12000008,South East,E07000229,Worthing,17224,17104,18142,19010,19291,19047,20372,21998,20260,21598,21987,22869,23232,24073,24628,25783,24828,25066,25509,24002,24638,25140,26880,29869,29395,30074,31915,36610
E12000009,South West,E06000022,Bath and North East Somerset,15058,17025,17510,19675,19043,20281,22115,22192,21997,23392,24684,23719,24360,25683,25202,25183,26403,25850,26861,27590,28358,29951,31863,32064,30165,32251,34945,36382
E12000009,South West,E06000023,"Bristol, City of",17505,17923,18518,19364,20083,21266,21210,22235,23119,23346,24652,24977,26150,27313,26836,26317,28074,28229,28348,28815,28222,30317,30756,32984,32287,34446,36582,39527
E12000009,South West,E06000024,North Somerset,16415,16634,17692,18730,19409,20299,21730,22528,22780,23140,24130,25711,25240,26353,26374,26973,27649,27632,26449,27052,26458,25920,26712,28407,28361,29988,31964,36206
E12000009,South West,E06000025,South Gloucestershire,18053,19050,19606,19814,21310,23130,24342,25000,25284,26761,25590,26208,27591,26932,27190,26707,27138,28392,29801,28949,32015,32847,31434,34957,33892,36871,41093,40902
E12000009,South West,E06000026,Plymouth,15387,15277,16427,18266,18790,18613,20330,20845,21319,22362,22578,24703,24934,24985,25942,26464,27178,27258,27458,26365,27947,28744,27646,29691,26759,29152,33060,35557
E12000009,South West,E06000027,Torbay,13827,12455,13953,15008,16106,15531,15230,16206,17413,18172,19371,19606,18471,19599,22054,21463,21767,20921,22278,22040,24370,22053,25221,27365,26240,26025,27064,29900
E12000009,South West,E06000030,Swindon,19180,18925,19155,20072,21138,21471,22200,23361,23321,24001,25908,26658,27091,26747,26677,27014,27805,28251,29728,30117,30179,30002,30201,31782,31290,34620,36169,39252
E12000009,South West,E06000052,Cornwall,,,,,,,16856,17261,17917,18822,19831,20716,20982,21318,21098,20895,21623,21978,22221,22996,24000,23931,24963,25511,24992,28576,31669,31964
E12000009,South West,E06000053,Isles of Scilly,,11166,,,,,,,,,,,13430,,,,,,,,,,22034,,,,,
E12000009,South West,E06000054,Wiltshire,,,,,,,19585,20815,20928,21592,22702,23785,23813,24016,24536,23876,24680,25388,25480,25457,27246,27558,28404,28699,29090,32364,33859,35247
E12000009,South West,E06000058,"Bournemouth, Christchurch and Poole",,,,,,,18548,19461,20860,21601,24197,24616,25856,23971,25576,25650,27304,26319,26858,26968,27495,29555,29987,29292,29059,31930,32963,34982
E12000009,South West,E06000059,Dorset,,,,,,,19199,19863,20137,20852,21305,21970,22526,22153,22592,23784,24573,25052,25003,25171,25525,27173,28487,29198,27130,29290,32000,33757
E12000009,South West,E06000066,Somerset,,,,,,,18543,19545,20521,21304,21580,21534,22745,22949,23186,23859,24097,24541,24995,24374,24966,26056,27812,28770,28286,29266,31698,33535
E12000009,South West,E07000040,East Devon,12945,14171,14488,14909,15752,17138,16951,19248,18543,19540,19899,21175,21186,20300,20484,21217,21816,22639,23321,25563,26926,27907,26044,28069,29186,31995,33614,38785
E12000009,South West,E07000041,Exeter,16937,17631,17937,19225,19973,20193,20784,21849,22577,22363,21907,23224,24289,24984,25815,25291,27037,27010,27105,29262,28065,28745,29590,29863,29860,31860,34400,34590
E12000009,South West,E07000042,Mid Devon,14396,14458,15601,15701,16432,15901,16739,18191,20014,18643,18969,20284,22308,22186,22890,23221,22374,23442,22559,23843,25103,25862,25208,26559,29113,27289,31816,33987
E12000009,South West,E07000043,North Devon,13039,13326,13431,14616,14433,14953,16852,17426,17010,17539,18054,18831,18539,20076,20406,20957,21460,21686,22117,22436,22751,23857,24319,25063,26646,29042,31181,31430
E12000009,South West,E07000044,South Hams,13618,14417,14293,16066,17184,18356,17577,18610,18802,20155,20931,22281,22936,21368,20462,20416,20292,22530,22035,22808,23578,25453,24792,26777,28132,29988,28841,31361
E12000009,South West,E07000045,Teignbridge,12580,13076,14086,15750,16321,16368,18440,18647,19630,20313,20010,21033,21728,22418,22158,22149,23134,23265,23113,22735,21801,23325,23440,24498,24546,27781,27530,31120
E12000009,South West,E07000046,Torridge,11834,12058,11929,13035,14390,15293,16344,15930,15174,14956,16232,17098,17450,18220,16933,17803,18088,21419,19440,20004,21965,22536,23625,24528,25756,27243,29592,29553
E12000009,South West,E07000047,West Devon,12496,13483,13487,14203,16091,16360,,19231,17971,18648,17313,16435,16279,17059,20459,20176,20442,21927,21631,22550,20790,23895,23070,29603,22886,29024,30305,35423
E12000009,South West,E07000078,Cheltenham,16305,17041,18068,19095,20880,21529,22034,21980,23040,23421,24855,26266,27479,26632,26252,28186,27940,27439,26841,26477,28362,29665,30936,30200,29438,33029,36409,39191
E12000009,South West,E07000079,Cotswold,15554,16337,17231,16751,20612,18607,18825,20706,20362,20886,22438,21696,21437,20423,21151,22954,22386,23244,25082,24998,24998,26239,26523,25697,26243,29621,29528,31795
E12000009,South West,E07000080,Forest of Dean,15653,16509,16509,18551,18346,18487,19273,19634,19999,20884,21326,21630,22013,21145,21934,22025,22074,23721,22105,23087,22897,23641,24338,25804,25980,31044,30099,31518
E12000009,South West,E07000081,Gloucester,16457,17229,17074,18631,18940,18929,19686,21434,22003,22334,25027,26067,25753,24891,25070,27364,26440,27519,27235,28059,28767,28498,29168,29917,29840,30155,32924,34391
E12000009,South West,E07000082,Stroud,16676,17985,16900,17969,18342,19302,19750,20959,23394,21582,22668,25410,26071,24360,24544,26782,27625,26247,28096,28012,28450,30434,30738,32579,30631,32364,35847,35087
E12000009,South West,E07000083,Tewkesbury,16942,18017,20436,20668,20397,22255,22575,22208,24027,22061,25022,26045,26000,26864,26394,25600,27434,25393,27366,29459,31565,31038,34010,33168,32643,34653,35573,40160
W92000004,Wales,W06000001,Isle of Anglesey,17772,16457,16350,16312,16699,16270,18141,19754,20264,20049,19625,21913,24450,22627,20570,24560,23648,25130,26438,25571,24396,24474,25102,27402,28672,30307,32874,36673
W92000004,Wales,W06000002,Gwynedd,13775,15643,14598,14564,16018,16536,16636,18157,19115,19704,20711,20249,20732,22471,21035,21494,22050,21563,20991,20768,22554,24184,23844,25172,25848,28819,30912,29852
W92000004,Wales,W06000003,Conwy,12987,13514,14450,15855,14848,16028,17855,20754,21720,20091,18880,21025,20808,20140,21141,23361,23342,22966,23282,23532,25236,24994,24164,29721,26100,30102,28618,30287
W92000004,Wales,W06000004,Denbighshire,15074,15992,16122,16672,18398,17774,18336,19254,18937,19573,19765,20247,23472,22027,23325,23259,23470,24904,25623,26037,25006,25578,25683,26995,27814,30166,30876,31816
W92000004,Wales,W06000005,Flintshire,16514,17834,17881,19489,20876,21659,22022,22556,23678,23803,22262,23688,25163,25215,26011,26681,26508,29297,29140,29870,28646,28289,29967,30685,28801,31659,32905,38668
W92000004,Wales,W06000006,Wrexham,15225,15904,16904,16888,18657,19411,19175,20419,19952,20879,21561,21001,24047,23486,21923,22852,24370,23455,24160,25032,25317,26345,28474,28807,28552,30953,32106,33945
W92000004,Wales,W06000008,Ceredigion,15111,13352,12386,14709,15891,16549,16563,16795,17652,17958,18080,18451,19026,19488,21436,20935,22575,21437,21689,22815,23646,24964,25967,26340,27516,28444,30603,31374
W92000004,Wales,W06000009,Pembrokeshire,13983,13759,14563,15106,16539,15259,17284,17261,17923,18639,20283,22852,22722,23518,23075,22142,23121,23048,21963,23124,23673,23722,24056,27988,27253,31932,31337,33294
W92000004,Wales,W06000010,Carmarthenshire,14996,15825,15005,16358,17094,17387,17937,18189,19019,18761,20803,21532,21688,22084,21940,22772,23214,23927,23319,23472,26349,25521,25299,28442,29292,30839,33753,33310
W92000004,Wales,W06000011,Swansea,15757,16060,16625,17394,16945,17533,17290,18389,19245,19584,18993,20086,21838,22268,23155,22883,23201,23352,23646,23837,24875,25908,27222,27263,28672,30258,31918,34834
W92000004,Wales,W06000012,Neath Port Talbot,17365,19519,19382,20801,21728,21619,22117,21843,23488,24204,24630,26384,24812,26995,26205,26660,24675,27130,29214,28800,28859,32017,30691,28846,30322,32880,35312,37130
W92000004,Wales,W06000013,Bridgend,14495,15580,16608,17473,18830,18088,18915,19690,22191,21682,22490,23603,23907,25029,24124,26345,25701,26815,27500,26747,26682,29721,29116,28953,30648,28483,32319,32876
W92000004,Wales,W06000014,Vale of Glamorgan,16885,16744,17127,17978,19492,21151,20366,21863,23374,22783,25371,25593,25901,27101,26692,26413,23912,22054,23784,24736,25213,24832,27962,25941,26572,27898,29367,32813
W92000004,Wales,W06000015,Cardiff,16530,16540,17319,18166,19033,19365,20019,21716,22188,22138,22634,22777,24129,24596,25000,25532,26092,26492,26350,27537,28138,28137,28849,29634,29539,33106,34189,36199
W92000004,Wales,W06000016,Rhondda Cynon Taf,14390,15027,15497,15999,15497,17801,17858,19000,18208,19552,20101,21394,22092,22151,22823,22207,23758,24716,25041,25835,26392,24991,27380,27578,26784,26818,32232,32155
W92000004,Wales,W06000018,Caerphilly,15512,16201,16208,17406,16711,17177,17450,18361,19019,19141,20417,21448,21586,22551,22066,22601,23556,23913,24318,25196,25529,25038,26535,28483,29590,29362,33049,31659
W92000004,Wales,W06000019,Blaenau Gwent,14902,14881,15752,15618,15344,15429,16196,17742,19115,18059,18714,16836,19840,19219,19674,19995,19899,21345,23099,21436,24486,23142,27770,30601,30082,27178,29190,34635
W92000004,Wales,W06000020,Torfaen,16858,16321,16721,16218,18367,18052,19056,19773,21736,21932,20595,21115,21614,22394,21518,22255,23793,23940,24459,25841,26790,27322,28272,29485,29682,32204,34134,37616
W92000004,Wales,W06000021,Monmouthshire,14688,14197,15407,15902,15589,16065,19253,19486,21332,19822,20147,22022,22324,22852,23483,22953,23478,24477,23800,24671,26708,27822,29174,30269,28375,31139,34528,37364
W92000004,Wales,W06000022,Newport,16681,17991,17998,18415,19691,19629,19841,21098,21793,22394,23510,23951,22470,23859,24663,24076,24838,24619,24921,25349,26242,26818,28793,28199,27878,30456,30161,33282
W92000004,Wales,W06000023,Powys,14130,14677,14838,14713,16868,17172,18790,18000,18226,19551,19044,19220,20292,19686,19173,19584,20370,19513,22614,22937,23429,23961,26098,28534,27140,29049,30016,32734
W92000004,Wales,W06000024,Merthyr Tydfil,16926,16243,14499,14853,16929,16179,18296,17852,18700,18306,17927,19627,20062,19866,21099,20835,21220,20385,21177,23466,22958,24616,23853,25402,25315,26816,27901,29154
